feature_1,feature_2,feature_3,feature_4,target
99.27021471208394,4,3,1,264.0057111498477
19.49149090417508,6,0,1,88.00864598497324
76.80063137536276,8,3,0,257.49968134776094
63.23902162569139,6,2,0,194.34732019822061
77.45187558214434,8,3,0,253.3970986476288
17.733060663094534,3,2,1,54.45946860051223
28.25247151006064,8,0,1,120.566802648442
8.469482831584251,4,3,0,46.16202066669601
77.10464026568941,3,2,1,208.52661972588996
23.003726023675874,7,0,1,94.26019603558213
99.1570990155036,2,2,1,256.1521416190049
50.269095908548366,5,0,1,142.14512199610357
73.19703977341376,5,2,1,204.97515525805073
36.34925152434653,4,0,1,93.7622399990212
49.61176070325498,6,2,1,162.8911824476994
20.82926070209721,4,2,1,77.20403490899777
62.39425951824673,7,1,1,202.67676004027206
38.45633689156542,10,2,0,186.67218147459107
61.391841525743494,7,2,1,189.28479770760094
66.22137939629073,8,1,1,222.6057777617836
89.60241041301174,7,3,0,262.84105259419835
93.42157104062707,1,2,1,235.86873491426445
24.44486987868949,2,1,1,66.10718387152602
5.686570979299033,8,2,1,68.74450954143487
21.879790566507484,10,2,1,138.99242051287487
55.62664513925856,7,0,1,180.08171131750987
49.12873533659804,9,2,1,202.36652453291182
44.01625623123241,10,3,1,195.07669331006872
86.67759790208083,7,2,0,258.1109066332942
88.20392163164044,2,3,0,228.32800063102502
36.71440782559296,3,1,0,102.92384158355917
84.61913396347234,8,3,1,270.78205233544173
24.91553340489142,2,2,0,78.18936776114572
78.82365891163228,2,1,1,205.49809105543164
56.21339827294795,4,0,0,142.42008518714258
19.077723503414056,3,3,0,63.089538062738875
59.72861728782404,1,2,1,161.48810779064505
77.28987855101511,9,2,1,262.7348869026098
65.54714172662652,9,0,0,235.35405096369314
18.33868506423282,1,2,1,49.388449176778835
93.00836389603255,10,2,1,319.8504639221246
22.739852416300486,6,0,0,89.94159154836173
85.13337468569237,6,0,1,235.30417420016153
53.15246608945928,2,1,0,135.4816075454297
57.321344792531605,10,1,1,219.07094138241436
73.41721017234329,4,1,1,191.18379274129472
82.86983705836212,9,2,1,284.2207521883979
80.47800883985045,8,1,1,260.84516872477604
37.39187681077492,5,3,0,128.2265360548702
55.504413929888386,6,1,1,171.02928606818037
16.74630737224777,8,0,1,94.6467325105274
14.387007041228127,3,3,0,55.941240853549274
9.572487962333598,4,0,1,33.21504515724272
12.706006584491414,2,3,0,43.27166217303188
97.80008640785567,9,2,1,313.2938984821623
45.2030628105884,5,0,0,127.91082443945598
82.84031930907024,2,2,0,215.9572829767323
55.47776284820593,10,2,1,225.1925634495454
83.88458396537531,9,2,1,279.9704804030335
41.26837164635459,3,1,0,116.73503094679083
75.63164645496894,2,0,0,196.08999655559367
94.60331304533524,10,3,0,325.61069198832485
8.218933813673857,5,0,0,41.203887232342296
51.80345816265912,10,0,0,204.11032382285606
17.000573827377853,1,1,0,54.17669713918715
54.73355648240372,7,3,0,190.346320035865
94.19913732666562,4,0,1,259.72527086095687
52.82585464720728,8,2,0,185.52218445076178
57.095816027551514,9,1,1,208.62476834832955
56.146448701084516,2,0,0,144.47941893732363
57.730324784896666,4,1,1,162.59524821256923
35.352397531475724,8,3,0,141.5710694105817
59.741691432950496,5,1,1,170.45779498183236
77.29339358145418,1,0,0,193.54057504470185
30.072645044664682,5,1,1,98.74679704886384
86.52178216011458,10,0,0,298.3166029236408
82.5309492024237,3,2,0,218.8121780050493
8.870822430896608,9,0,0,93.0384215411188
16.922354430934504,9,2,0,98.40819027598641
63.93471830182504,7,1,1,198.56869638314095
71.1290103506597,4,1,0,194.0231724897766
84.77422814843223,6,3,0,251.1764970199267
22.545679137259956,8,0,0,101.70209457159245
72.11935329173478,10,1,1,259.42041593526517
54.102809185773616,1,1,1,135.39923335856486
30.298291996779202,1,3,0,80.03669201113398
62.21232958816183,3,0,1,157.77316072929756
37.0538295573525,2,0,1,90.62322012341836
64.25103455507895,5,3,1,185.82701487390693
10.513959215487588,9,3,1,85.99565813294667
81.37718327052974,5,1,1,212.13463095345756
16.751310550681808,3,1,1,62.55010781382961
39.45044592422613,1,0,0,102.07318963159156
51.35637317356121,6,0,0,152.6819534683232
90.09697437357583,10,0,1,299.8869594902452
6.91098522972784,4,1,0,33.16984883656754
22.748885964545817,5,1,0,70.77759391969983
0.6380387403147503,3,2,0,17.943241987897416
37.064536599439535,1,1,1,92.17314454233687
70.51339676799981,2,1,0,175.2924622512012
29.397301972162325,9,0,0,140.75335118855782
26.231182432420518,7,0,1,101.01115038726724
93.31442287005743,6,3,0,270.1214050901602
57.190810569459835,2,1,1,138.8501528892544
1.4815864521655064,6,2,1,38.61165706475986
48.312897317558644,7,2,1,162.38310321742236
90.63265022013157,7,0,1,269.06021579995695
94.59863610461491,3,3,0,257.10226582484273
93.29711598263306,4,3,1,247.3692396035577
36.09096070930449,6,1,0,124.68288450343637
13.04699411605429,7,1,0,80.37423398334904
26.1540797871036,10,2,1,149.38687165199636
31.18138920186768,2,1,1,83.19658900887202
38.02187696691048,9,3,1,171.59772074201027
96.7495411890896,1,1,1,241.6798167031702
30.01240221100169,3,0,1,82.2113700140725
18.358920879493546,3,3,1,66.80488199915499
3.454561676714174,8,2,1,68.27280883521868
94.94609865940055,3,2,1,242.57827551227035
42.14353313568346,7,3,0,146.15648554147396
23.989249901505428,4,2,0,83.64894239102894
46.65524720896895,3,1,1,126.1764233762571
29.843727678693032,1,3,0,78.18510119361643
79.15430265378004,7,0,0,229.67672114558687
40.91070755219084,1,2,0,103.25316713458092
68.78654436171271,10,1,1,252.5829490589034
88.27629274315433,3,2,1,234.72098007558196
33.868119812230844,3,0,1,96.44764179807845
11.773149118280568,5,1,1,46.892631930449376
2.5189367742941227,5,2,0,32.84179575023136
90.89901293329726,3,3,1,254.0979830271289
59.85353456449046,3,0,0,153.87025994121132
73.4677020064771,1,2,0,187.28054061573337
64.63072158418937,1,0,1,152.11810076574739
43.1814687895384,6,3,0,145.0720015693433
9.639238643333915,10,1,0,111.11594029487198
95.47032863898531,2,1,1,242.52427202358874
63.87224596578233,5,2,0,189.9703912176106
56.17593641981625,1,1,1,137.51396553056216
78.69042297622696,5,0,1,217.26251797577282
21.981828085260236,2,2,0,57.51299233520217
31.85686281715524,10,3,1,170.85949763489532
50.39599833939715,2,1,1,132.95079925436954
7.70887888266254,8,3,1,84.47955204190487
81.08232949440597,3,1,0,211.1809232441305
70.50515660606645,1,0,0,173.66350364126578
74.3302586908509,8,0,0,236.69826726978985
48.576164359364306,5,2,1,147.14770712123857
48.76632576285406,7,0,0,154.38508114529876
87.29984135565289,1,2,1,219.10309618250636
21.28361425375742,3,1,0,60.61918826138879
0.5368032960911817,4,1,1,11.818503608520098
16.187648345608874,10,2,0,130.37277245511027
83.27370033474139,9,1,0,277.66638313037225
77.3067740082475,3,3,1,206.26003198955576
31.538141562762178,2,0,1,91.04045216467534
63.01838536436853,7,3,0,206.8572897676269
79.33974281641099,8,2,1,253.27015115467412
66.23827424627092,5,0,1,187.60423098039175
77.00152472376585,9,1,1,255.37321619168685
52.24327231329858,7,3,1,163.14450494835532
51.51214892552175,10,2,1,206.0534527193971
53.05159421073795,1,0,1,129.81103590726022
60.628863653613365,6,3,1,182.53241303753026
19.744457777386938,8,3,1,104.43728334089072
23.61652908344486,4,0,1,82.79760992406393
29.20885363632716,3,2,0,95.07787508059171
90.6954058348014,5,3,0,257.8834170759252
40.20684926482366,5,0,1,129.9638845358172
85.42193288509144,10,2,1,300.44248097556783
64.61477619138721,10,2,1,243.33568632533832
10.767461851939641,10,1,1,106.35989788612632
61.51114133139763,10,2,1,238.99219638844127
19.740896582462288,7,1,1,86.69647942325807
41.93407026208923,8,2,1,155.33650101928123
80.19666371208652,8,0,0,255.00839713154232
43.549901237596146,10,0,0,188.2411823337262
57.62215356683939,1,2,1,152.46218706849518
81.27339803550055,10,2,0,282.77684038240335
77.52056831336185,5,1,1,212.69823600400676
25.02088227525957,3,1,0,75.56107211031139
66.11269024726633,8,1,0,215.33806471095002
75.24675493857454,10,3,0,269.629613129725
62.71510952528665,5,2,0,181.28405344602416
57.41568576924626,1,1,1,149.02727533193064
47.07813990648834,1,2,0,124.52657821409409
27.046810730572158,1,0,0,69.317437421317
3.528588889622908,4,0,1,19.3607224456537
71.89328923858527,2,0,1,179.04759062445436
48.237030530548274,2,1,1,129.23457717416744
85.62403310244578,5,3,1,242.78080950157255
27.17161677578277,6,0,0,87.67314195448832
39.31937008341069,7,3,0,140.76153840225257
95.64449529275532,8,1,1,285.4911759102739
62.60653257593207,7,1,1,200.5066321199327
76.22415205968281,7,1,1,231.40495359403292
36.26747026049776,10,3,0,176.72960691846464
54.719275107343314,7,1,0,178.15240260162022
64.26469079535644,2,3,0,177.7429830939355
67.7725181166106,8,3,1,232.74234147713477
84.14275334725872,9,3,1,277.1602606712314
57.410695438892134,4,3,0,163.20496122170618
27.535654699887736,3,3,0,88.0881365602491
52.226203204672004,1,2,0,130.48609812565425
71.04872081558695,7,2,0,222.3772243483923
38.163603109517986,8,2,0,158.8241582730981
91.66827290767189,10,3,0,320.51904712714304
59.18741381238072,4,3,0,172.59767736867857
42.3454296926343,8,3,1,166.81570090253095
58.81964796375526,9,3,1,220.39153768097802
46.3761750217626,5,2,0,142.6275351380745
72.38344179826447,5,2,0,206.85027888903986
12.923641893427163,8,2,1,88.68054516696624
94.62251280438909,10,0,0,316.1489675925379
43.09211629320527,1,3,1,106.41003317412
84.2971987683905,9,3,1,283.3254467554694
5.308582655705186,1,2,1,14.426542625284746
3.4810247095833913,7,1,1,53.05645274518146
38.07962316276814,8,3,0,156.8257515596412
78.23097106640824,10,3,0,286.0223159465155
2.6076790716537124,9,0,0,70.3883653222483
35.67395156822878,2,1,1,93.88692585405872
71.22245807375418,9,0,1,247.7067594472009
98.12527801391239,6,1,0,277.91188519682265
39.9241889051741,2,2,0,111.76776207704846
50.910754538655254,5,0,0,142.8454249217174
69.47839041027474,1,0,0,181.57039766498758
60.59224078605233,7,0,0,198.06001918858792
86.91232279055325,9,2,0,289.6566011545352
44.71486891487777,6,1,1,146.5357662060525
43.928537917689155,7,1,0,147.40479405658985
56.26890737533119,9,3,1,216.1607019781501
90.35721237391363,9,0,1,290.5062226456661
37.799227639801636,10,3,1,180.06534838377704
91.25942051753128,7,0,1,270.35836088796214
33.85103125436642,9,0,1,154.4549379335704
56.970173078334874,9,2,1,211.15746444203404
39.28313583411081,2,0,1,103.85476941665445
28.74777224966676,1,3,0,87.71649104577614
80.11123810303306,3,3,0,221.55442798359462
62.45701545262414,2,1,0,165.60712625249764
32.344030071187035,8,1,1,137.50620139935157
10.371548472683912,8,3,0,76.64975638577538
83.39298144805565,8,2,0,267.89727058549744
38.543387825810925,6,1,1,131.31651039373796
58.52755191831174,1,2,0,153.36912341306768
44.36334515374504,4,1,1,126.86435795457402
54.08720479212845,3,0,0,146.2428742409095
14.158797525593892,3,3,0,52.82116606823746
42.57779391562213,3,0,0,104.20239978987391
6.399110926026818,6,1,1,49.53629974456271
39.1751519241383,1,3,0,111.02237129831352
45.99685793021254,10,2,1,202.72120647940272
65.66827728051105,2,1,1,167.43539268273574
55.63592472688542,6,1,0,170.66148218852433
4.332545811261013,5,1,0,30.986239605941755
16.510358333002262,8,0,1,92.67666444627731
90.1421268672284,9,1,1,292.4135787632658
29.098322406755027,6,3,1,109.94540175166112
8.049456515015086,8,3,1,76.33780131702235
0.660328433463786,3,1,0,11.664262753211398
55.61843208528281,10,3,1,222.11497512941884
85.06040103878716,5,1,0,234.71756218116064
10.976709802345008,10,3,1,106.5024539856273
43.83214208452212,9,0,1,179.27835468161592
0.5137069393660765,3,1,1,21.077975137622417
89.18766790428168,9,0,1,283.92852768269046
59.159002585380605,6,2,0,185.3297344535314
84.80691185605477,4,2,1,227.8331194007011
62.54878764518702,5,1,0,175.13462900526017
23.91174474671204,7,3,1,116.69186889193071
47.79986746326126,5,1,0,146.58061033031055
75.8261460007572,10,3,0,283.94709089289574
41.608544045622054,3,1,1,116.20762410753578
62.03884426376759,10,2,0,244.7729128610425
61.35738715110984,3,0,1,166.81429508066964
17.20739382858095,9,0,0,110.38880725997771
89.07119790533828,4,3,1,245.6801415368111
3.0144746838704273,6,0,1,39.60833068566474
14.715992263569023,5,2,1,64.24141356551995
12.696999054775537,1,3,0,43.08786955596694
98.44976707619297,10,1,0,324.12004139309096
57.09708956667634,10,0,1,226.63956554243933
41.8467309345836,2,3,0,114.99870576109866
43.50382022153384,6,2,1,139.3026477944625
78.01288708751258,1,3,0,218.46442899758213
94.18395925504974,7,2,1,276.3232109909905
58.33031575528209,2,2,1,143.36453048247
62.44482713151902,5,2,1,189.8858691572334
90.7957737958722,3,0,1,235.16964034075525
5.201373345886983,4,1,0,23.43463733384141
50.61554192647711,7,3,1,182.8658564566246
55.558016942107656,10,2,1,226.056913222798
96.75667041579955,9,2,1,314.79941243140473
34.556812939977796,10,0,1,167.4566354050514
73.415724273027,4,3,1,205.19421517185356
70.99166713500385,3,3,0,198.0444623111957
94.51674617396108,6,2,1,259.78863086520136
62.175966872901455,10,2,1,233.87076878930782
21.48530912266261,10,2,0,150.82934767060087
14.987204327406978,4,0,1,50.34920958660676
49.940740772942206,2,2,1,139.13078778389553
73.09460607012444,9,2,1,256.0716192231738
69.66515531913782,5,2,1,192.27546463316915
92.32044032201388,10,3,1,314.0321248412614
80.61751613872904,2,0,1,197.34085092327038
19.007153757758733,1,2,1,44.385155708353764
65.78956470628586,10,0,0,244.95350210513286
79.62126459144945,10,0,1,289.93754319255385
28.631582090444873,7,1,1,110.12068912279399
3.4736380231316533,2,3,1,23.87054595524567
41.16610438668135,2,1,1,101.88963731164677
30.54311818792671,6,0,0,107.74572497992538
13.348317480496652,6,0,1,67.91966255835152
24.226260729769912,5,0,0,79.10461804604279
79.90653469989341,5,3,1,225.9204325388243
70.96380685271299,4,1,0,194.8392570363006
63.92376047788569,8,2,0,208.87494946932136
31.605014214978233,2,3,1,90.11237085514293
36.498068283690166,7,1,1,138.07797559255292
83.44278055240387,10,1,0,282.57706591822745
14.55418817168609,9,0,1,97.35503295726467
84.38688887970332,2,1,1,216.69456655364496
78.25799768221917,7,0,1,226.9783007967581
82.92126911511357,10,3,0,289.40852974903805
16.042458298567443,10,3,1,130.69099284705652
58.442479472734476,7,0,1,191.87071477626873
83.56708744197249,1,1,1,210.2174890018404
53.013248084829655,7,1,1,169.93127970378274
53.55280834956372,8,3,1,203.55742207002373
58.77461119877096,8,3,0,202.34185703076366
21.59521809767697,5,1,1,75.74346207278437
36.272435445555686,9,1,0,169.6811914290933
92.04942193854983,4,3,0,246.9117707687536
33.13620714194151,9,1,1,147.22244162129297
50.65425566025691,4,1,0,149.05660135391147
78.22830162496098,6,3,1,230.9068529115081
80.69122609527162,6,1,0,233.23380564087427
26.21390109720785,2,2,0,67.27285073121949
67.92659208854718,4,0,1,183.0404199610784
34.152781945777356,1,1,0,85.0200565895515
2.0750717695395493,9,3,1,70.6683320244305
71.88182309515993,5,3,0,214.233181903387
40.00805592378287,5,1,0,123.38967958124434
45.662235551720755,5,0,0,135.9044385965045
20.348957894785357,8,1,0,114.19375877255382
85.80434402114933,3,1,0,232.36841227689425
17.7715551618002,7,1,1,85.21431392476171
65.32830405379536,2,3,0,174.12353558100702
45.774793031519444,2,3,1,132.08735491032064
51.088540275785974,3,0,0,136.42235911940773
52.62594189993388,8,3,1,192.38425825691286
71.72078647066164,1,2,1,188.75037436005275
42.931661141834454,9,0,1,173.68079628919705
85.20772262725717,10,0,0,292.80967361712624
48.89691658258555,6,2,0,160.36413026677553
98.74391454014749,7,0,1,288.6097068279116
95.46438349962756,6,2,1,271.76820070051895
16.025799059694645,1,0,0,38.28016276764998
58.379899198623285,6,1,1,173.02665579093616
82.25440908625757,8,1,0,270.3485236134445
30.263764913891645,4,1,1,90.13250074812026
45.45593810229968,7,0,0,153.665289132886
69.0597932461194,7,0,1,212.16157327434257
96.94947402464608,5,2,1,262.0330882779729
95.68784320121351,10,0,1,304.4010581704123
89.39358114008809,8,0,1,286.22891947676646
77.7241324531159,4,3,1,209.111471702329
67.86538607349175,10,3,0,264.77988885027503
61.33711506529874,1,2,0,163.63042427343194
54.434883079006504,2,0,0,135.6455061991993
68.20853207092071,8,1,1,218.90380966769712
58.49379029259731,1,2,1,144.939521616415
6.680785929827005,4,1,1,32.37769839705137
98.60300333472054,1,0,1,250.04696117004994
59.8402949734447,10,0,1,231.02865281923098
10.175554336875747,1,0,0,30.089079410059313
75.36564470634116,6,0,1,225.359137444343
50.31295163520999,8,1,0,175.13874554604166
34.35817867975373,4,0,0,106.2058447201602
13.128276807571993,5,2,0,58.691556544053135
59.69446224934144,8,3,0,206.10779627807165
54.56429267516272,4,0,0,143.8558221831907
5.167803095622769,9,2,1,88.8130347898356
40.11659319122075,7,1,1,141.2224001720767
79.89944457544898,7,3,1,248.30985756709103
36.628592829412966,7,2,1,142.0890038442924
45.02475417939089,7,3,0,166.88269635622234
76.1506137434198,3,1,0,200.7746337579761
90.00645888681362,1,1,1,226.0482592833414
57.130614186758436,3,2,1,157.79977635166782
84.34395717721395,5,1,0,233.99103498080285
33.784069183872234,3,2,1,99.29316464010628
13.513506324126734,1,0,1,32.13845040392945
30.856331131256375,1,1,0,84.4862245819827
53.248242084307286,8,1,0,185.82122953968852
1.736409386261828,3,2,0,22.354531212502142
8.20448248050134,7,3,1,72.26768784634214
60.31858813191066,10,1,0,230.2844141101654
14.818501798334083,9,3,1,101.63783361760892
9.492416860048547,3,0,0,27.35113096315982
39.9043807636979,2,3,1,103.2261738542912
38.56899550549938,9,0,0,162.51855063076022
65.97658173205289,9,2,0,247.59966573037045
45.96038188758176,10,2,0,204.157556613896
58.293877441333294,10,3,0,240.19773887421098
64.80179983454335,8,1,1,208.49016759702937
58.32897172216377,1,2,1,149.87481580376797
60.45083437866617,6,3,1,194.30297134441665
27.96786027850474,2,1,0,78.03462574859502
40.208818771414236,10,0,1,171.80522755180598
93.21865468513725,7,3,1,273.68417478981104
65.1355036620144,8,0,0,210.99061188336537
9.035009356901135,2,1,0,23.76101661497193
90.52714922943301,8,0,1,283.5738840616992
79.96550976378543,8,2,1,254.0633218955004
70.92271918678243,10,0,1,253.85077219544408
47.43039070398171,6,1,0,149.79090143575752
31.35229236357695,7,3,0,128.7963170730136
76.83698365421964,5,2,0,223.65652739844302
97.54186510270475,5,3,0,268.34583729327494
29.59811168193054,8,3,0,138.95314354292788
71.40217268361546,8,0,0,220.96513238065987
41.35878100164793,4,0,1,113.53617400508611
30.911929592968345,5,3,0,104.94387675747757
19.710721337216352,2,0,0,50.47701757602755
36.745926156479506,6,3,0,130.90566293778227
49.64573004509448,10,3,1,213.6350977827251
27.496745060380167,8,2,1,126.24684884780277
6.433979651230281,9,1,0,76.23603117382345
48.96290558820346,1,1,0,125.26918325723626
42.64425214982265,8,3,1,158.0334780476444
13.621229770255583,8,3,1,92.04441684436118
78.72445211156412,1,0,1,211.12891021303517
84.80157980794417,3,1,0,227.6093283046078
16.23672190988187,4,1,1,52.91727757918518
53.93355963457817,6,1,1,163.8135248261975
22.61406357505342,6,1,1,76.77625631785014
75.16929229908565,3,2,0,190.64141622804198
53.22402982262571,3,1,1,139.99116494841735
87.0771755889239,1,3,0,230.19881974056707
65.13845354707118,4,0,1,172.0983184537263
94.8922689351358,5,2,1,261.24151915052124
20.47439477104667,2,3,1,64.07265677957845
10.208703139063434,6,0,1,57.79946168845328
94.46179743268218,10,3,0,328.5783498871617
73.95679594566307,6,2,1,220.6043941292551
76.76667218759486,7,3,0,234.67789703129773
13.608035549235142,3,3,1,36.027671791333404
4.4052975142858,9,2,1,84.8470837583279
24.809045455853884,3,0,0,68.27413536263728
65.70077421694997,4,2,1,185.39433302648138
68.67427054169374,4,0,0,188.92095731626995
57.58136352982668,2,3,0,159.24048310401264
31.779792635536307,6,3,1,107.21702971465943
73.73834844883729,1,3,0,193.8297607388561
36.70577625405833,8,1,0,153.30103596340354
6.569926154392325,3,0,0,18.274244017738557
81.96026567206913,1,3,0,213.72824084099037
30.462025625421695,7,1,1,121.92190809879345
18.25775984461071,3,3,1,58.22160118452623
36.91366615791167,6,0,1,121.93509446068096
19.304054999269514,7,1,0,86.89467177190255
26.700088772566044,8,2,1,135.45201352476406
45.709185112522434,3,0,1,112.31180685521294
99.37859396105871,8,2,0,313.4889122290037
54.80464758808191,6,0,1,168.12316383103993
51.72968720177315,3,0,0,135.01776778287163
96.01077152883903,4,0,0,257.1244650730045
56.698599116864145,10,2,0,212.72856171271658
11.384568595346733,3,0,0,38.13760459783814
15.51238493462741,2,2,0,44.81727891397442
77.00147141356474,6,1,1,222.08746200222242
69.23371695132168,8,1,0,222.31065077623674
8.662032548983579,3,3,0,36.848682538906466
79.14785499436906,10,0,1,276.59756083971496
40.38081168145409,4,1,1,119.35791752024696
23.030802263589557,7,2,0,108.84888778584906
53.563979105252244,9,0,0,199.4499314668885
18.536748550694206,9,3,1,130.0673493820843
70.08277158503802,5,3,1,210.73544688898792
75.13498980951366,7,2,0,232.24210384176237
74.29138038127155,10,0,1,264.23608520487795
21.102063419799556,4,1,1,65.7037195769652
77.94262339458882,7,3,1,236.47901674467553
25.210469587871998,10,2,1,151.1003678001476
15.560266063601658,6,2,1,66.69043698717013
91.0089120567808,8,2,0,283.70691951815644
90.62850859797904,2,2,0,232.0437224062757
4.849189295925028,7,3,0,62.8459477890141
55.6845020491579,10,3,1,227.3060254420813
30.54852639915119,7,2,1,116.34589401532297
11.782385674364825,8,2,1,80.07385066641213
73.7479902670833,8,1,0,252.39654199980237
6.763430568583639,5,1,0,39.0883822246271
4.40559495266829,4,2,1,26.35513570855174
30.36748312577725,8,3,1,139.60732902776442
11.282105074605264,5,0,0,52.47835641041757
78.79378355313415,5,3,0,218.73710008035275
61.307481723153444,1,3,0,156.59574935364023
38.77482636386487,6,0,0,130.53121544360783
23.896508443506093,1,0,1,65.44123343650544
75.4189705770811,8,1,0,245.1997988033234
94.62370366489716,5,2,0,272.0206585920497
78.91993943486798,3,1,0,201.01852623472186
5.07054289194544,10,3,0,102.62785344607899
30.021748117746107,4,1,0,99.08662956288399
91.6835402314407,1,0,1,220.82522588645645
46.114790993847244,9,3,1,191.23286563239995
1.5793865680645336,1,1,1,10.255162028818555
43.41881027144944,10,0,0,193.13201586082616
51.938369798052456,10,3,1,212.52861940747746
38.1200532434306,7,0,0,141.77417605660395
95.83497178623568,10,1,0,325.9879778392418
11.929461776990724,8,2,0,85.6552629633021
32.097348474294826,5,0,0,106.0989398819025
70.4750312472151,7,1,1,214.2590485185459
2.6695139662146428,7,0,1,43.67720561606996
16.715058803524187,1,0,0,41.05428897379822
92.78065353738923,1,1,0,230.33156998270007
30.48529384542109,8,1,1,127.63156343571957
88.98891638577766,8,3,0,275.14054103922615
93.3354625322716,6,0,0,265.1841935744922
21.525480723498003,5,2,0,75.85220898078995
8.843878362798952,6,0,0,52.94540424447062
58.25746199590787,9,3,0,227.81684130974574
92.3553188743461,6,2,0,264.7639102049535
90.22791532942519,5,0,0,246.44825112229202
93.90783796796242,6,1,1,261.54830266754095
64.83922422219234,3,1,1,179.96717684641123
20.397707952476352,8,3,0,112.36988803460018
54.05242592186734,3,2,1,145.46921895454244
85.4740232737602,2,1,1,216.7746694070476
99.77850889579845,1,3,0,258.23760854498687
39.40190344924933,6,3,1,142.4201315612179
96.08919049737234,9,2,0,304.70467254746205
90.93073213417033,6,1,1,262.06212389858376
87.56998063431296,10,0,0,290.7272361498601
90.30456311740255,2,2,0,232.55505303314035
21.05099580742763,6,3,1,83.68620160537454
81.9791846316761,4,1,0,221.31700395865698
67.7280176415947,7,2,0,214.7725502269035
36.14756274579287,6,2,1,128.0543963245522
32.99926013567729,10,3,1,159.189757264393
14.955175175770297,1,0,1,39.09148762460062
2.197971027311363,5,0,0,22.90695815652361
14.234261371709078,4,2,0,47.78913043503037
0.299490026610405,8,3,1,56.51135931234872
84.08100958524126,10,1,1,280.8370702261262
9.133274043602146,5,0,0,43.82091145012519
78.95510370422097,7,1,0,241.5145513452135
46.644946250832966,1,0,1,110.91507323920706
12.503202924454959,8,3,0,91.9745309588861
18.715387262609774,9,3,0,120.24893457941307
30.97355090524462,10,2,0,153.19232071969907
34.22702778044472,7,0,1,126.36491580104236
17.46478501982849,6,1,0,67.8093844667124
14.129001187679858,5,3,0,66.45751039382912
41.17201038920476,6,2,0,132.25296533967574
75.90528716328593,4,3,0,216.9781142023817
45.723085677030305,7,1,1,156.60871600929977
45.21112949458996,10,1,0,201.7936067420329
50.51425467090894,10,2,1,209.24581324568243
73.17942563978477,1,2,1,178.9750563808971
11.7595243466474,4,2,1,49.3502331068972
52.95630196502956,5,1,1,152.12029320839952
57.44084513260217,5,0,1,165.3883658395482
12.15197368440364,10,2,0,111.82613470643177
98.11031390033665,7,1,1,282.842170888231
99.05649947242132,9,2,1,314.04093459957585
50.570448823667235,9,0,1,186.72381174592343
35.17181267049813,8,3,0,149.66785561831404
40.984865140775284,3,0,1,110.63948758698966
80.84805062486978,1,0,0,199.8622252846581
55.24594573151494,2,0,1,133.75107971282355
95.93823434789594,2,1,1,252.75160550759625
19.200013258369154,5,3,0,71.30057090809512
55.485212167238195,7,2,0,192.99697544136572
76.44768421505003,9,3,0,264.42054944415577
69.27392893564517,6,0,0,206.30330416541904
44.31256314985269,3,3,0,125.08852049250736
66.36678453302518,8,0,0,224.733774284812
37.55534071289933,4,1,1,98.99046085248882
40.407066292158234,3,0,0,112.47944352423022
91.60379038043753,9,0,1,294.55229983601714
72.27260211267357,8,1,1,227.10818444815607
39.93543633373417,6,3,1,138.04551695779253
56.058194269181605,9,1,1,207.69160263885868
85.53004501270655,8,0,1,259.98197218654593
69.37674135098676,8,1,1,223.376681736934
24.446724027916822,6,0,0,92.31726868861857
76.54864109361961,5,2,0,221.0104004285937
23.701157986256703,6,3,0,83.31537817474057
50.05866968097212,8,2,1,179.5954603724326
78.29555818829573,2,0,1,191.75234538900824
14.713330852182526,5,0,0,51.42738856343685
88.74086132670853,8,1,1,271.6024155843792
38.59989599132496,2,1,1,101.37595141129329
78.19290705983835,8,0,1,243.7422546759106
44.22486706266089,2,1,1,116.11822338832407
89.5514029544551,4,3,0,243.33169879678636
9.576047499239692,9,3,0,98.69071955926691
30.00895607273738,10,3,1,169.35022442771677
29.648958132707993,2,3,0,86.86036822443008
30.256665227221347,6,3,1,108.70189377722319
78.17741596249621,1,0,0,192.71306849693994
99.99225025722285,3,0,0,255.2248157818295
81.79823069737967,7,3,1,255.7977716097348
18.114182899171873,10,0,0,121.76963429082531
21.96929327693321,5,2,0,79.93053948468629
61.25583980721528,3,3,0,166.00971871605228
56.38438558389345,2,2,0,143.29321348386162
1.999602916898502,6,2,1,43.34107080024862
10.703878991255456,1,1,0,34.46326803801691
84.7898013048282,2,0,1,207.04492352870795
26.278624907776038,5,1,0,89.30072789415522
48.784623312300354,5,3,1,157.23234412166258
40.80504954215976,6,0,1,125.7166426572756
49.01871997688501,2,3,1,131.98939913412926
48.07281084117005,1,0,0,115.80768895725544
11.32414492513979,6,3,1,63.33468101410631
91.45378543886413,1,3,1,243.08043522601875
83.98216024088782,2,0,0,216.6954270935962
35.7659776402275,7,0,0,129.56299736619124
41.00825151847791,6,0,1,133.6956309244879
88.91602096679904,3,1,0,236.5174308351843
87.49949406704371,2,3,0,223.34599281224703
82.73203211382427,6,3,1,242.72793264555716
62.04778626709968,2,3,0,170.39634240053917
8.312755607036937,10,1,0,109.68888531551008
77.48361171004771,6,2,1,225.3047658678777
23.05868908735774,2,3,0,67.35823430074512
96.30162772392005,10,2,0,323.00904355812213
24.32056210008634,5,2,0,93.96573104391322
40.57046000116507,10,0,1,177.81782684630127
52.54942601369772,10,2,0,210.18281060674065
81.97782754446563,8,0,0,261.4232446302074
70.61152553086607,1,1,0,178.89494413120985
93.22856312693769,8,2,0,283.92109548130713
99.12540885590553,5,0,0,266.0247763608359
3.0374639233493372,9,0,0,75.40901865077981
23.81704508182979,10,1,0,146.2322222691016
6.583750297579916,2,3,1,27.68985809448537
30.52541897704948,4,2,1,95.26638869709255
63.66092029997345,7,3,1,201.41640870948058
79.63831692955436,3,3,0,216.79285687947822
77.50488489944198,5,3,1,219.25788575954525
99.96673532479657,7,3,1,296.8615153724961
38.567175964030596,1,0,0,97.34072207254563
68.88332561304549,7,3,1,228.21715851086128
39.48983762992857,5,2,0,131.1595053442484
85.48275920733765,3,1,0,222.8847440167785
14.23071043705374,3,0,1,40.363786628643886
58.66583797353282,6,0,0,168.87284182581303
13.381254267494613,8,3,0,98.402468036863
41.77534095005488,9,3,1,174.3991058564088
4.705824383384794,5,1,0,34.164614921450756
1.1961184784786028,4,2,1,11.254389010683763
42.996621103433874,5,1,1,126.48076803574175
83.21844238701046,8,3,0,268.60927904519724
84.62617399859043,7,2,0,261.74939914684126
16.455796009534428,3,2,0,60.67106014787851
56.65216216831034,3,0,1,143.4556496660305
53.65775263818659,8,2,0,186.20804067354652
19.688804721486473,9,1,1,116.11892073072012
42.74926141168785,10,2,1,185.03252977490317
5.385399004888091,2,0,0,20.960083395083682
43.14300851714417,7,2,0,152.95131628721117
21.32360747561147,8,0,1,110.31239428400013
39.82861418369163,6,1,0,130.60122138350528
27.830293078119073,7,2,1,115.64777963375626
0.32945929454222256,5,3,0,36.16519079885126
28.442816282585316,7,3,1,115.85614192228749
97.7225322368424,4,0,1,249.72290808199827
77.88248066153834,6,0,0,221.12577104063215
47.93134854267047,8,3,0,175.39440536031714
6.893256172554329,5,2,0,43.15779378061864
11.341529557900277,3,3,0,29.541309770716378
60.593934089630906,7,2,1,194.7416096524894
74.90461454721141,4,0,1,200.94446069910336
79.92330604158175,4,2,0,228.2019358318469
51.26038438957129,8,1,0,170.95999885317244
99.71002299850092,6,1,1,278.34252544270197
12.692133016317285,1,1,0,44.43922208687954
1.1636589053035218,4,2,1,5.580104587291366
65.48680703062224,3,1,0,165.54917753192794
75.98627817737459,5,1,0,213.69921588248351
99.67202092276786,1,1,0,249.39326775816969
0.5839148577665321,1,2,1,2.284255034436633
62.00767164360164,1,0,1,155.95629836241065
70.25544553798879,4,2,0,193.91039756893147
36.255699405198186,6,0,0,121.43665820231597
72.26677978283628,7,1,1,222.17423821281542
36.983719741479334,7,0,1,129.6380737204908
11.386474957245419,6,0,1,51.3117107767016
41.267387821220616,3,3,1,112.9148106542947
97.11659337451552,9,3,0,313.7512491716937
25.3741968873488,4,3,0,81.31000407282535
83.7460972024727,1,2,0,216.1919670760568
4.895430595041395,3,0,0,20.3979997987733
65.71206204551294,6,0,0,188.8720713611136
28.266942589847066,7,3,0,117.16889510087547
57.46226721526669,4,1,1,162.45084925775035
79.82432301813165,9,1,1,262.6990194106521
32.108889142393174,3,1,1,91.05986769032835
14.038882215251602,7,2,1,73.8770120796141
34.4650383679131,7,3,0,130.1720218287798
42.69450889974259,9,1,0,170.93898141880666
75.20579288094441,4,1,0,205.55167759151928
89.91534281101131,10,2,1,316.2716162529827
90.31505442698344,6,1,1,261.08499531239
65.11992763691956,4,1,0,177.13531621425332
21.72722142298702,2,1,0,55.78637844905525
6.390193855458848,10,0,1,97.95533014726175
61.50992448427426,2,0,1,157.26331921529103
34.121093654673786,6,3,0,123.6339982643429
64.0771784463386,6,0,1,184.75770745568244
62.31811017710468,3,0,0,157.7826497200572
38.23515132501918,5,2,0,110.40781396242988
27.49176285822771,4,1,0,85.2123865304011
55.06611315853833,1,3,1,145.45547199020004
53.134529312154854,10,0,0,216.11262719692044
19.848568661255694,10,2,1,134.51298791351383
64.2341589245904,8,0,1,208.50683734086206
9.633605980886696,3,0,1,34.91072324430483
21.306996761797613,3,2,0,64.94949750538586
50.45898348326605,8,2,0,176.08915153196347
2.547906188925031,4,3,0,29.593285730743144
30.06525008067129,8,3,1,124.77364355127796
88.6696408974445,3,2,0,235.37272937292943
88.09347394540742,4,1,0,229.0282654077634
87.83570019284151,10,0,0,298.2066522285176
48.646548467832595,2,3,1,140.16770049331086
84.98467523208332,8,2,0,268.03379410682936
82.81740905999452,6,0,1,231.00947636288893
32.32022966870244,4,1,1,94.8728262390079
68.16294405654908,5,0,1,190.19839869238598
13.23713266247476,8,2,0,97.02384918218576
67.54060361538886,4,0,1,173.687438666345
22.791332179738756,5,1,1,81.33979214430035
16.246372045948164,4,2,0,61.89147234107729
89.14675735485848,9,0,1,280.94214448818184
62.60225197710454,7,2,1,198.47391705912833
74.06963077109232,2,2,0,192.91966420623723
79.49828384260496,3,2,1,201.54252151587633
58.81321587059459,9,2,1,212.78364093859796
34.087028998513865,6,0,0,110.8911820254088
78.06602377625008,3,0,0,205.13671527534424
33.663412584394294,2,3,0,92.49795039013529
83.10140970503163,7,1,1,250.63144520577157
53.88059893265946,9,2,1,194.34421329471598
8.04946642016634,7,2,0,71.16484773984315
44.744622853811144,8,2,0,167.89305295767335
94.90160099148818,8,3,0,294.93885013266043
26.019081592878514,7,1,0,106.83299622673134
87.27843588139805,7,3,1,262.79456203293205
17.127091462509192,3,2,1,62.04143778621504
15.001196691209074,5,2,0,60.91492843622627
70.5809772698772,7,3,0,235.91935679049308
60.35239235635681,3,3,0,172.343435152726
80.93693097090629,6,2,0,237.46368611781742
87.48581815264335,4,3,0,236.6543438093796
43.96128882534245,10,1,0,187.04306822243257
63.68809126660838,1,2,1,170.67612172625184
83.36177598016381,9,3,0,270.730393739183
74.89209829618937,7,3,1,238.47535369542774
56.592412319230576,8,0,0,196.26104125237603
31.54692715101325,2,3,0,96.67945153567575
0.14423719075262742,6,2,1,30.94025705269612
43.314085512797426,1,1,1,111.74904890318606
75.81147404773041,1,2,1,190.70129040696824
53.27672870529116,4,1,1,147.4152446002013
24.447116820947954,10,1,0,140.25980446709994
16.19247554603216,5,0,1,64.04669863184961
94.72188407379856,5,3,0,261.5552706044816
60.713552515051106,6,1,0,173.6208467168003
18.25863086364542,8,2,0,109.25713875526156
88.82867077152898,2,0,0,211.55881603068974
21.835641307381714,4,3,0,78.06018514393179
62.80209098461755,7,1,0,196.71239594249747
81.18895124622058,7,1,0,248.57954739021642
90.77406192059529,1,3,1,245.01200047468976
13.183390993797362,6,3,0,73.54942149452103
60.65727797755446,9,2,0,230.64286599778197
96.67825363279276,9,1,0,303.8406508807193
26.080249765304153,4,2,1,77.94413616521851
66.40092357296183,5,2,0,192.14389475376066
11.777980947344647,6,3,0,63.6104254551075
31.5630107750422,6,3,0,121.79042271517979
72.8012640287314,9,2,1,257.7105933218092
13.105499309477697,7,0,1,69.88146971493178
68.78145932604342,8,2,0,224.5803863330432
24.727720081850368,5,3,0,91.68671545307289
38.20879396632998,4,0,0,113.22054536331405
81.56592199474689,9,0,0,278.0337189552536
52.861750294717794,5,3,0,157.1883220616777
0.45394376629126487,10,3,0,87.26218141415397
17.565080586911307,10,1,1,118.21367406139612
28.470380602709078,7,1,1,118.93209790285016
69.03385421583582,10,0,1,254.41988399208196
17.002978312768203,3,2,0,62.03610290635943
25.416396053519552,8,3,1,135.71098350642475
51.07467111646686,5,2,0,153.55278780171898
13.815721300611761,10,1,1,122.68395798704725
36.43057000197244,3,0,1,100.41650705683125
25.856606303340644,2,1,1,65.95459460948025
17.783529092191806,1,0,0,46.80488834830043
2.775966636143379,8,0,0,56.45779746430327
99.05582845445205,2,2,1,256.50912267296974
94.98180583064627,7,1,1,264.9479983216635
23.977198968380865,5,3,0,98.23098491863342
56.58842478124583,10,3,0,234.71778823946005
33.435066955847994,10,2,0,171.46187043797119
78.26524983512452,5,3,1,222.64801463324596
72.55130001314407,1,0,0,180.5997338403877
8.329645417124032,6,3,0,62.12390648967724
45.20219681662204,9,0,0,175.78288454965744
44.610096500486065,1,3,0,113.60012685647187
65.78210121140178,6,0,0,191.62615427990522
33.81762515073387,3,3,0,106.91638619087296
85.18091890743568,7,0,1,248.82731957522745
8.086966772022697,6,1,1,50.495633784137844
44.69732230170402,6,3,1,146.2624785178044
6.371551949353416,8,0,0,76.4536317805186
3.1632599723267707,9,1,0,75.2146484744195
50.6748934619245,9,3,1,199.35546476900765
54.53228314260588,9,1,1,203.57051273696925
38.85955002581488,7,1,1,135.99082745405562
81.65370749063241,10,1,1,288.29919737247127
34.5275401836968,1,2,1,93.84772997177693
51.86382752607279,10,1,1,217.23019539359305
65.59530763773236,4,2,1,175.99879564499665
11.452304363486254,5,3,1,54.00542372917398
79.56314017205662,3,3,0,217.41198630989422
77.4650933833816,10,2,0,279.06497178212
63.629009257149995,9,0,0,221.88483115949603
97.75801096583025,3,1,0,254.28111028349682
36.763145850304355,9,1,0,165.7778477395323
71.489663684167,1,3,0,189.10943092336814
60.07857642237183,4,0,0,169.87960808878378
56.51852787135788,10,0,0,210.40643559625636
11.82698553117152,4,1,0,39.65358581234404
60.23608777342536,1,3,1,154.601256893135
10.08502543686144,6,2,0,48.68615329408158
57.69519716836945,3,2,0,161.60541260849155
42.08413014939849,3,1,1,105.43366502293998
69.06484409585086,8,1,1,227.0988053300935
88.35941638930709,6,0,0,243.06699581415276
57.82355300822785,5,3,0,167.42359566256073
2.5670879381216816,9,2,0,77.74527180430249
35.692657337971276,7,3,0,136.65541031378444
89.48288666354544,2,2,1,232.20954899785477
11.265060517203073,8,1,1,81.37916724524587
0.8413103520104825,4,1,1,18.17145337162362
67.45994577434342,9,1,0,235.45255461457842
52.963432187168124,10,2,0,220.52300716007352
18.159215176170417,5,3,1,73.29311208545607
64.30780453197897,7,3,1,206.89487577999532
46.3891444917851,5,1,0,131.53152203213122
54.58511421660679,2,3,0,150.28280009262988
68.55220380491245,6,0,1,200.42636895869967
78.40545994188489,10,2,0,285.1997734098736
59.640249952036406,4,1,0,164.42296550352972
93.15931382236533,1,3,0,231.67088529931834
20.519352606033625,10,3,1,131.42111163230246
65.54302063966657,3,2,1,176.93264536281077
78.79690557527243,4,1,1,219.3455739849872
29.77469985097355,7,0,1,112.34390334036615
51.388395106523056,8,0,1,176.5814386032493
28.18972560274475,9,2,0,138.10093750300894
30.704492671865513,9,2,0,148.6526723248324
81.73280388611454,3,1,0,213.7823696607224
26.68831254462366,8,3,0,124.99126649481747
27.593517287612656,9,3,1,144.82145457746427
43.671505608510074,1,0,1,106.60357412013325
19.50458740893325,9,3,0,119.14141321409058
56.86532823119565,4,2,0,166.6014095068037
29.57968987884112,3,1,0,82.04992089116453
38.7850588177831,3,1,0,104.44186491628724
46.97491834359313,5,2,1,147.4475984819922
58.65665183964068,4,3,1,173.5175604649575
57.898426979445496,10,3,1,232.75255041036928
24.03159676921691,5,0,1,83.94946562606695
39.8026913029701,4,0,0,111.92181361498042
34.25640432471593,9,3,0,164.88231173235098
16.04348845988024,10,1,1,125.74163269130707
20.8985695906842,2,1,1,54.52581713726698
70.07654473684275,10,0,1,257.9911258768826
0.8460145348287984,1,2,1,11.650306966010973
73.23030582772006,6,2,0,215.59710139093366
99.08390453752641,6,3,1,285.27252990222377
43.70781353332459,8,1,1,165.61895398124037
92.93710244896002,4,1,0,250.8761717204656
14.34268832799388,6,3,0,67.21915569645853
37.61312767803416,6,0,1,118.57665885675124
37.850289368535094,1,0,1,95.67876766631642
50.098650323154736,10,3,0,216.79979517128498
44.20924101207423,6,2,1,145.6559481251006
54.17011395014306,9,2,0,208.98016789103752
21.920917746194448,10,3,0,148.11407000336231
63.15964462795307,6,0,1,187.82371144887125
19.606300446890135,6,2,1,84.49956723618733
16.34080895674448,7,0,0,78.98523449374773
27.091877423758138,5,3,1,90.74283913546196
51.5694409863608,6,1,0,158.6857446766047
47.27512886949772,1,0,0,124.72274980544131
28.173456144631693,8,1,0,128.6090475095889
52.95798199023489,6,3,0,169.1735096924783
66.24006320197492,1,0,0,165.78791118355772
6.4056498126920935,2,1,1,29.11845789977081
84.7536980723713,8,2,0,265.2068504353985
34.3292660837788,10,1,0,159.92874610608953
86.60867048438466,1,2,1,218.78466929002536
40.82470682788767,10,2,0,184.94215842785442
30.41727381412783,5,3,0,103.85583914168114
81.4000471505213,5,0,0,228.56500668859326
55.344221229531264,9,2,0,210.23024660492823
59.004082067344946,8,2,1,205.4457952548588
62.569966021485456,4,2,1,175.22214106167183
82.42375883959016,4,1,1,224.51430001185224
78.06423192892957,2,1,0,202.3061133227772
46.24055488590535,3,0,0,117.97252804283389
97.15691441172251,9,2,1,317.98319379850295
92.63618700329866,8,2,1,294.00794910403215
22.484518440135425,8,0,0,101.27197083133844
71.1392938726795,7,2,1,220.14770345332207
63.44822367342792,5,0,1,180.63329051484055
94.65777194854144,10,0,1,315.1956388479008
10.013103112327093,2,3,0,46.821283172363486
54.34145296941074,3,1,0,142.93695134528525
56.79648471699256,6,3,0,183.0868706947814
76.6936586940336,8,3,1,240.44823392851143
47.467523470163684,4,3,1,136.7959152751371
52.552067795795665,9,0,0,193.74080581340738
54.93600719362499,2,0,0,137.06157227084282
24.661321685319994,5,1,0,85.63871144023169
98.55358254647697,1,2,0,248.29884643228655
27.36540512236615,4,1,1,82.23333693549648
31.104840206165164,5,1,0,100.34193059308525
43.738961535925924,2,0,1,119.48447628572322
90.78617226355479,4,1,0,230.08474479001126
32.97248769352582,8,2,1,143.4632072841976
57.910765679897104,1,1,0,140.84951562036255
18.877155819281523,2,2,1,49.720201474000945
98.3664960913331,1,3,1,252.04831889709055
0.3713899137526955,4,1,1,15.654726760230565
18.72242254438613,8,1,1,100.08967646501253
19.834304894340182,3,1,1,58.39295010701954
90.43620566163688,2,3,0,250.41884720200616
35.039186147404735,6,2,1,126.05100806475798
99.33959179936288,2,2,1,263.12607940539914
87.48783656619953,1,1,0,222.0415193679903
45.609165618270374,10,2,1,200.0812900648655
13.086212192093782,10,2,0,116.59973940290804
75.79326746635638,5,1,0,214.52595710409898
20.598402553590176,9,1,0,123.68969494106358
62.14794228867429,7,1,1,193.53218759112494
35.21441497158588,8,1,0,140.49624259996355
80.30338417573212,1,2,0,208.429682744293
46.70559453358049,8,1,0,171.37065267943785
35.176563527186524,9,1,1,157.79570422398925
44.314284136182216,10,1,1,190.3242817791196
86.22522495935611,10,2,0,299.6936843374491
26.752170121320994,6,3,0,96.45435540435038
24.756272823497106,5,1,0,83.83728690532625
24.132923485556358,5,1,0,93.77293859006507
78.2658438073735,7,1,0,246.99112792719382
25.645794118520303,7,3,0,112.76812631197552
17.90137878909439,3,1,0,64.10445147658184
82.36064952581206,10,1,1,286.9227314078922
93.51828413639596,4,3,1,253.5279598697762
99.78948515856476,2,3,1,259.5815270563598
21.577777970166157,6,3,1,91.64903141880548
22.45486050847132,6,1,0,90.67358625034984
25.550931837370015,10,3,0,147.03468241036583
77.24959432493431,8,0,0,241.51764383899996
84.80786663887845,4,3,0,238.21567142454825
64.69989399670737,6,3,0,199.60674104634637
44.38415082416427,6,2,1,144.17337263662395
51.31633293171753,8,0,1,181.25057926231364
9.900626980652072,9,0,0,82.39268967232425
11.225055099440851,1,1,1,29.03680136385764
40.26635482362465,5,2,0,133.5056580726451
30.95423506975972,6,0,0,110.67664609278458
97.69726327194257,6,3,0,280.9927707755306
99.9639082976642,6,2,1,289.55395057337614
85.95709363435218,9,2,0,285.01229908381936
6.640216862121518,4,0,0,26.893408142651346
50.110355450489884,6,3,1,166.52861160956977
63.47181851179629,5,2,1,181.5902765140893
11.917012154276584,2,1,1,26.132918627063013
12.397572534690394,8,1,0,83.98551626911278
65.97907352863271,7,2,1,209.07825528301805
93.7142867426558,7,3,0,286.5006939451242
40.6821709790119,1,2,1,104.9350787460194
90.42139561771704,8,1,0,282.187692631894
59.2197647343276,3,2,1,157.82583160403985
60.84241432768841,5,2,0,174.55443506476016
75.8271879485757,8,2,1,243.9115484095253
34.84369874027728,8,3,1,143.26729921808644
